dataset,conf,Fold,Rep,RMSE_cv,RMSE_train,RMSE_test
energyCooling,0,0,0,4.090698964144078,4.331075669353842,4.387759500175788
energyCooling,0,0,1,4.090698964144078,4.712046873181222,4.6211164910951625
energyCooling,0,0,2,4.090698964144078,4.5054514967842545,4.160486336419901
energyCooling,0,0,3,4.090698964144078,4.784330431477835,4.4426447626897465
energyCooling,0,0,4,4.090698964144078,3.6945727602003107,3.7303737567270088
energyCooling,0,0,5,4.090698964144078,4.5054514967842545,4.160486336419901
