dataset,conf,Fold,Rep,RMSE_cv,RMSE_train,RMSE_test
airfoil,5,0,0,6.707193159797264,25.641881019219845,26.303028629034348
