dataset,conf,Fold,Rep,RMSE_cv,RMSE_train,RMSE_test
airfoil,1,0,0,7.706458,5.90246,5.71633
airfoil,1,0,1,7.7064580000000005,6.9478800000000005,7.325039999999999
airfoil,1,0,2,7.706458,7.648039999999999,7.92599
airfoil,1,0,3,7.7064580000000005,3.99911,4.13304
airfoil,1,0,4,7.706458,8.7732,9.20287
airfoil,1,0,5,7.7064580000000005,16.3253,17.0039
